quantity,H0,H1,H2,H3
Coupled spatial refinement,1.757227211324126e-8,3.9292790000259807e-8,8.05263021840135e-8,1.623074465652181e-7
Coupled time refinement ($\Delta t$ to $\Delta t/2$),7.926359672071785e-13,2.504397444639038e-12,5.999287921710395e-11,1.2489195262917387e-8
Coupled time refinement ($\Delta t/2$ to $\Delta t/4$),1.907160036207632e-13,7.494831994295954e-13,7.977537496660802e-11,1.6949703360475237e-8
Corrected remainder: production solve,3.803591124015119e-7,8.498954773560573e-7,1.7717958418999814e-6,3.809006645988785e-6
Corrected remainder: spatially refined solve,3.977851832063729e-7,8.888892396776646e-7,1.8504003547453923e-6,3.957288244357522e-6
Corrected remainder: $\Delta t/2$ solve,3.8035856319424877e-7,8.498942379608272e-7,1.771792531193838e-6,3.808997670998493e-6
Corrected remainder: $\Delta t/4$ solve,3.803584430326769e-7,8.498939664266424e-7,1.771791780325911e-6,3.8090079693128473e-6
coupled temporal order,2.055232523416847,1.7404954903811436,-0.4111522126672525,-0.4405795043687041
spatially refined discarded Fourier modes,8.295585010310966e-16,2.942644416033784e-13,1.196911066121576e-10,5.183265399209724e-8
space_2 difference / production corrected remainder,0.04619916163515428,0.046232496874199024,0.045448973453770664,0.04261148946435731
time_2 difference / production corrected remainder,2.0839147567745454e-6,2.9467122856447904e-6,3.3859927762766794e-5,0.0032788588794061555
time_4 difference / production corrected remainder,2.583802923655132e-6,3.6935478304574545e-6,4.356829346811661e-5,0.004251102480240563
